ad_system,publishers,publisher_list
google.com,60,accuweather.com allrecipes.com axios.com bild.de bleacherreport.com businessinsider.com bustle.com buzzfeed.com cbsnews.com cbssports.com cnbc.com cnet.com cnn.com corriere.it cosmopolitan.com dailymail.co.uk elpais.com espn.com forbes.com foxnews.com gamespot.com goodhousekeeping.com gq.com huffpost.com ign.com independent.co.uk latimes.com lemonde.fr metro.co.uk mirror.co.uk msn.com nbcnews.com newsweek.com nypost.com nytimes.com pcmag.com people.com politico.com refinery29.com reuters.com rollingstone.com spiegel.de standard.co.uk techradar.com telegraph.co.uk theguardian.com thehill.com thekitchn.com thesun.co.uk theverge.com today.com tomsguide.com usatoday.com variety.com vogue.com washingtonpost.com weather.com wired.com yahoo.com zdnet.com
indexexchange.com,60,accuweather.com allrecipes.com axios.com bild.de bleacherreport.com businessinsider.com bustle.com buzzfeed.com cbsnews.com cbssports.com cnbc.com cnet.com cnn.com corriere.it cosmopolitan.com dailymail.co.uk elpais.com espn.com forbes.com foxnews.com gamespot.com goodhousekeeping.com gq.com huffpost.com ign.com independent.co.uk latimes.com lemonde.fr metro.co.uk mirror.co.uk msn.com nbcnews.com newsweek.com nypost.com nytimes.com pcmag.com people.com politico.com refinery29.com reuters.com rollingstone.com spiegel.de standard.co.uk techradar.com telegraph.co.uk theguardian.com thehill.com thekitchn.com thesun.co.uk theverge.com today.com tomsguide.com usatoday.com variety.com vogue.com washingtonpost.com weather.com wired.com yahoo.com zdnet.com
openx.com,60,accuweather.com allrecipes.com axios.com bild.de bleacherreport.com businessinsider.com bustle.com buzzfeed.com cbsnews.com cbssports.com cnbc.com cnet.com cnn.com corriere.it cosmopolitan.com dailymail.co.uk elpais.com espn.com forbes.com foxnews.com gamespot.com goodhousekeeping.com gq.com huffpost.com ign.com independent.co.uk latimes.com lemonde.fr metro.co.uk mirror.co.uk msn.com nbcnews.com newsweek.com nypost.com nytimes.com pcmag.com people.com politico.com refinery29.com reuters.com rollingstone.com spiegel.de standard.co.uk techradar.com telegraph.co.uk theguardian.com thehill.com thekitchn.com thesun.co.uk theverge.com today.com tomsguide.com usatoday.com variety.com vogue.com washingtonpost.com weather.com wired.com yahoo.com zdnet.com
pubmatic.com,60,accuweather.com allrecipes.com axios.com bild.de bleacherreport.com businessinsider.com bustle.com buzzfeed.com cbsnews.com cbssports.com cnbc.com cnet.com cnn.com corriere.it cosmopolitan.com dailymail.co.uk elpais.com espn.com forbes.com foxnews.com gamespot.com goodhousekeeping.com gq.com huffpost.com ign.com independent.co.uk latimes.com lemonde.fr metro.co.uk mirror.co.uk msn.com nbcnews.com newsweek.com nypost.com nytimes.com pcmag.com people.com politico.com refinery29.com reuters.com rollingstone.com spiegel.de standard.co.uk techradar.com telegraph.co.uk theguardian.com thehill.com thekitchn.com thesun.co.uk theverge.com today.com tomsguide.com usatoday.com variety.com vogue.com washingtonpost.com weather.com wired.com yahoo.com zdnet.com
rubiconproject.com,60,accuweather.com allrecipes.com axios.com bild.de bleacherreport.com businessinsider.com bustle.com buzzfeed.com cbsnews.com cbssports.com cnbc.com cnet.com cnn.com corriere.it cosmopolitan.com dailymail.co.uk elpais.com espn.com forbes.com foxnews.com gamespot.com goodhousekeeping.com gq.com huffpost.com ign.com independent.co.uk latimes.com lemonde.fr metro.co.uk mirror.co.uk msn.com nbcnews.com newsweek.com nypost.com nytimes.com pcmag.com people.com politico.com refinery29.com reuters.com rollingstone.com spiegel.de standard.co.uk techradar.com telegraph.co.uk theguardian.com thehill.com thekitchn.com thesun.co.uk theverge.com today.com tomsguide.com usatoday.com variety.com vogue.com washingtonpost.com weather.com wired.com yahoo.com zdnet.com
appnexus.com,59,accuweather.com allrecipes.com axios.com bild.de bleacherreport.com businessinsider.com bustle.com buzzfeed.com cbsnews.com cbssports.com cnbc.com cnet.com cnn.com corriere.it cosmopolitan.com dailymail.co.uk elpais.com espn.com forbes.com foxnews.com gamespot.com goodhousekeeping.com gq.com huffpost.com ign.com independent.co.uk latimes.com lemonde.fr metro.co.uk mirror.co.uk msn.com nbcnews.com newsweek.com nypost.com pcmag.com people.com politico.com refinery29.com reuters.com rollingstone.com spiegel.de standard.co.uk techradar.com telegraph.co.uk theguardian.com thehill.com thekitchn.com thesun.co.uk theverge.com today.com tomsguide.com usatoday.com variety.com vogue.com washingtonpost.com weather.com wired.com yahoo.com zdnet.com
themediagrid.com,59,accuweather.com allrecipes.com axios.com bild.de bleacherreport.com bustle.com buzzfeed.com cbsnews.com cbssports.com cnbc.com cnet.com cnn.com corriere.it cosmopolitan.com dailymail.co.uk elpais.com espn.com forbes.com foxnews.com gamespot.com goodhousekeeping.com gq.com huffpost.com ign.com independent.co.uk latimes.com lemonde.fr metro.co.uk mirror.co.uk msn.com nbcnews.com newsweek.com nypost.com nytimes.com pcmag.com people.com politico.com refinery29.com reuters.com rollingstone.com spiegel.de standard.co.uk techradar.com telegraph.co.uk theguardian.com thehill.com thekitchn.com thesun.co.uk theverge.com today.com tomsguide.com usatoday.com variety.com vogue.com washingtonpost.com weather.com wired.com yahoo.com zdnet.com
triplelift.com,59,accuweather.com allrecipes.com bild.de bleacherreport.com businessinsider.com bustle.com buzzfeed.com cbsnews.com cbssports.com cnbc.com cnet.com cnn.com corriere.it cosmopolitan.com dailymail.co.uk elpais.com espn.com forbes.com foxnews.com gamespot.com goodhousekeeping.com gq.com huffpost.com ign.com independent.co.uk latimes.com lemonde.fr metro.co.uk mirror.co.uk msn.com nbcnews.com newsweek.com nypost.com nytimes.com pcmag.com people.com politico.com refinery29.com reuters.com rollingstone.com spiegel.de standard.co.uk techradar.com telegraph.co.uk theguardian.com thehill.com thekitchn.com thesun.co.uk theverge.com today.com tomsguide.com usatoday.com variety.com vogue.com washingtonpost.com weather.com wired.com yahoo.com zdnet.com
aps.amazon.com,58,allrecipes.com bild.de bleacherreport.com businessinsider.com bustle.com buzzfeed.com cbsnews.com cbssports.com cnbc.com cnet.com cnn.com corriere.it cosmopolitan.com dailymail.co.uk elpais.com espn.com forbes.com foxnews.com gamespot.com goodhousekeeping.com gq.com huffpost.com ign.com independent.co.uk latimes.com lemonde.fr metro.co.uk mirror.co.uk msn.com nbcnews.com newsweek.com nypost.com nytimes.com pcmag.com people.com politico.com refinery29.com reuters.com rollingstone.com spiegel.de standard.co.uk techradar.com telegraph.co.uk theguardian.com thehill.com thekitchn.com thesun.co.uk theverge.com today.com tomsguide.com usatoday.com variety.com vogue.com washingtonpost.com weather.com wired.com yahoo.com zdnet.com
media.net,58,allrecipes.com bild.de bleacherreport.com businessinsider.com bustle.com buzzfeed.com cbsnews.com cbssports.com cnbc.com cnet.com cnn.com corriere.it cosmopolitan.com dailymail.co.uk elpais.com espn.com forbes.com foxnews.com gamespot.com goodhousekeeping.com gq.com huffpost.com ign.com independent.co.uk latimes.com lemonde.fr metro.co.uk mirror.co.uk msn.com nbcnews.com newsweek.com nypost.com nytimes.com pcmag.com people.com politico.com refinery29.com reuters.com rollingstone.com spiegel.de standard.co.uk techradar.com telegraph.co.uk theguardian.com thehill.com thekitchn.com thesun.co.uk theverge.com today.com tomsguide.com usatoday.com variety.com vogue.com washingtonpost.com weather.com wired.com yahoo.com zdnet.com
smartadserver.com,58,allrecipes.com axios.com bild.de bleacherreport.com businessinsider.com bustle.com buzzfeed.com cbsnews.com cbssports.com cnbc.com cnet.com cnn.com corriere.it cosmopolitan.com dailymail.co.uk elpais.com espn.com forbes.com foxnews.com gamespot.com goodhousekeeping.com gq.com huffpost.com ign.com independent.co.uk latimes.com lemonde.fr metro.co.uk mirror.co.uk msn.com nbcnews.com newsweek.com nypost.com pcmag.com people.com politico.com refinery29.com reuters.com rollingstone.com spiegel.de standard.co.uk techradar.com telegraph.co.uk theguardian.com thehill.com thekitchn.com thesun.co.uk theverge.com today.com tomsguide.com usatoday.com variety.com vogue.com washingtonpost.com weather.com wired.com yahoo.com zdnet.com
yahoo.com,56,accuweather.com allrecipes.com axios.com bild.de bleacherreport.com bustle.com buzzfeed.com cbsnews.com cbssports.com cnbc.com cnet.com cnn.com corriere.it cosmopolitan.com dailymail.co.uk elpais.com espn.com forbes.com foxnews.com gamespot.com goodhousekeeping.com gq.com huffpost.com ign.com independent.co.uk latimes.com metro.co.uk mirror.co.uk msn.com nbcnews.com newsweek.com nypost.com nytimes.com pcmag.com people.com refinery29.com reuters.com rollingstone.com spiegel.de standard.co.uk techradar.com telegraph.co.uk theguardian.com thehill.com thekitchn.com thesun.co.uk theverge.com today.com tomsguide.com usatoday.com variety.com vogue.com washingtonpost.com wired.com yahoo.com zdnet.com
sharethrough.com,54,allrecipes.com bild.de bleacherreport.com businessinsider.com bustle.com buzzfeed.com cbsnews.com cbssports.com cnbc.com cnet.com cnn.com corriere.it cosmopolitan.com dailymail.co.uk elpais.com espn.com forbes.com foxnews.com gamespot.com goodhousekeeping.com huffpost.com ign.com independent.co.uk latimes.com lemonde.fr metro.co.uk mirror.co.uk msn.com nbcnews.com newsweek.com nypost.com pcmag.com people.com politico.com refinery29.com reuters.com rollingstone.com spiegel.de standard.co.uk techradar.com telegraph.co.uk theguardian.com thehill.com thekitchn.com thesun.co.uk theverge.com today.com tomsguide.com usatoday.com variety.com washingtonpost.com weather.com yahoo.com zdnet.com
video.unrulymedia.com,53,accuweather.com allrecipes.com bild.de bleacherreport.com businessinsider.com bustle.com buzzfeed.com cbsnews.com cbssports.com cnbc.com cnet.com cnn.com corriere.it dailymail.co.uk elpais.com espn.com forbes.com foxnews.com gamespot.com huffpost.com ign.com independent.co.uk latimes.com lemonde.fr metro.co.uk mirror.co.uk msn.com nbcnews.com newsweek.com nypost.com pcmag.com people.com politico.com refinery29.com reuters.com rollingstone.com spiegel.de standard.co.uk techradar.com telegraph.co.uk theguardian.com thehill.com thekitchn.com thesun.co.uk theverge.com today.com tomsguide.com usatoday.com variety.com washingtonpost.com weather.com yahoo.com zdnet.com
contextweb.com,51,allrecipes.com axios.com bild.de bleacherreport.com businessinsider.com buzzfeed.com cbsnews.com cbssports.com cnbc.com cnn.com corriere.it cosmopolitan.com dailymail.co.uk elpais.com espn.com foxnews.com gamespot.com goodhousekeeping.com gq.com huffpost.com ign.com independent.co.uk latimes.com lemonde.fr metro.co.uk mirror.co.uk msn.com nbcnews.com newsweek.com nypost.com pcmag.com people.com politico.com refinery29.com reuters.com rollingstone.com spiegel.de standard.co.uk techradar.com telegraph.co.uk thehill.com theverge.com today.com tomsguide.com usatoday.com variety.com vogue.com washingtonpost.com weather.com wired.com yahoo.com
gumgum.com,51,allrecipes.com bild.de bleacherreport.com businessinsider.com bustle.com buzzfeed.com cbsnews.com cbssports.com cnbc.com cnet.com cnn.com corriere.it cosmopolitan.com dailymail.co.uk elpais.com espn.com foxnews.com gamespot.com goodhousekeeping.com huffpost.com ign.com independent.co.uk latimes.com lemonde.fr metro.co.uk mirror.co.uk msn.com nbcnews.com newsweek.com nypost.com pcmag.com people.com refinery29.com reuters.com rollingstone.com spiegel.de standard.co.uk techradar.com telegraph.co.uk theguardian.com thehill.com thekitchn.com thesun.co.uk theverge.com today.com tomsguide.com variety.com washingtonpost.com weather.com yahoo.com zdnet.com
yieldmo.com,50,allrecipes.com bild.de bleacherreport.com buzzfeed.com cbsnews.com cbssports.com cnbc.com cnet.com cnn.com corriere.it cosmopolitan.com dailymail.co.uk elpais.com espn.com forbes.com foxnews.com gamespot.com goodhousekeeping.com huffpost.com ign.com independent.co.uk latimes.com lemonde.fr metro.co.uk mirror.co.uk msn.com nbcnews.com newsweek.com nypost.com pcmag.com people.com politico.com refinery29.com reuters.com rollingstone.com spiegel.de standard.co.uk techradar.com telegraph.co.uk thehill.com thekitchn.com thesun.co.uk theverge.com today.com tomsguide.com usatoday.com variety.com washingtonpost.com yahoo.com zdnet.com
kargo.com,48,allrecipes.com bleacherreport.com businessinsider.com bustle.com buzzfeed.com cbsnews.com cbssports.com cnbc.com cnet.com cnn.com corriere.it cosmopolitan.com dailymail.co.uk elpais.com espn.com forbes.com foxnews.com gamespot.com goodhousekeeping.com huffpost.com ign.com independent.co.uk latimes.com mirror.co.uk msn.com nbcnews.com newsweek.com nypost.com nytimes.com pcmag.com people.com refinery29.com reuters.com rollingstone.com standard.co.uk techradar.com telegraph.co.uk theguardian.com thekitchn.com thesun.co.uk today.com tomsguide.com usatoday.com variety.com washingtonpost.com weather.com yahoo.com zdnet.com
lijit.com,47,allrecipes.com axios.com bleacherreport.com bustle.com buzzfeed.com cbsnews.com cbssports.com cnbc.com cnet.com cnn.com corriere.it dailymail.co.uk elpais.com espn.com gamespot.com huffpost.com ign.com independent.co.uk latimes.com lemonde.fr metro.co.uk mirror.co.uk msn.com nbcnews.com newsweek.com nypost.com pcmag.com people.com politico.com refinery29.com reuters.com rollingstone.com spiegel.de standard.co.uk techradar.com thehill.com thekitchn.com thesun.co.uk theverge.com today.com tomsguide.com usatoday.com variety.com washingtonpost.com weather.com yahoo.com zdnet.com
smaato.com,47,allrecipes.com bild.de bleacherreport.com businessinsider.com buzzfeed.com cbsnews.com cbssports.com cnbc.com cnet.com cnn.com corriere.it dailymail.co.uk elpais.com espn.com foxnews.com gamespot.com huffpost.com ign.com independent.co.uk latimes.com lemonde.fr metro.co.uk mirror.co.uk msn.com nbcnews.com newsweek.com pcmag.com people.com politico.com refinery29.com reuters.com rollingstone.com spiegel.de standard.co.uk techradar.com telegraph.co.uk theguardian.com thehill.com theverge.com today.com tomsguide.com usatoday.com variety.com washingtonpost.com weather.com yahoo.com zdnet.com
freewheel.tv,46,axios.com bild.de bleacherreport.com businessinsider.com bustle.com buzzfeed.com cbsnews.com cbssports.com cnbc.com cnet.com cnn.com corriere.it dailymail.co.uk elpais.com espn.com forbes.com foxnews.com gamespot.com huffpost.com ign.com independent.co.uk latimes.com lemonde.fr metro.co.uk mirror.co.uk msn.com nbcnews.com newsweek.com nypost.com politico.com refinery29.com reuters.com rollingstone.com spiegel.de standard.co.uk theguardian.com thehill.com thesun.co.uk theverge.com today.com usatoday.com variety.com washingtonpost.com weather.com yahoo.com zdnet.com
teads.tv,45,bild.de bleacherreport.com businessinsider.com bustle.com buzzfeed.com cbsnews.com cbssports.com cnbc.com cnn.com corriere.it cosmopolitan.com elpais.com espn.com forbes.com foxnews.com goodhousekeeping.com gq.com huffpost.com ign.com independent.co.uk latimes.com lemonde.fr metro.co.uk mirror.co.uk msn.com nbcnews.com newsweek.com nypost.com politico.com refinery29.com reuters.com rollingstone.com spiegel.de standard.co.uk telegraph.co.uk theguardian.com thesun.co.uk today.com usatoday.com variety.com vogue.com washingtonpost.com weather.com wired.com yahoo.com
xandr.com,45,bild.de bleacherreport.com businessinsider.com bustle.com buzzfeed.com cbsnews.com cbssports.com cnbc.com cnet.com cnn.com corriere.it dailymail.co.uk elpais.com espn.com forbes.com gamespot.com huffpost.com ign.com independent.co.uk latimes.com lemonde.fr metro.co.uk mirror.co.uk msn.com nbcnews.com newsweek.com nypost.com pcmag.com politico.com refinery29.com reuters.com rollingstone.com spiegel.de standard.co.uk techradar.com theguardian.com thehill.com theverge.com today.com tomsguide.com usatoday.com variety.com washingtonpost.com yahoo.com zdnet.com
onetag.com,44,allrecipes.com bild.de bustle.com buzzfeed.com cbsnews.com cbssports.com cnet.com cnn.com corriere.it dailymail.co.uk elpais.com espn.com gamespot.com gq.com huffpost.com ign.com independent.co.uk latimes.com metro.co.uk mirror.co.uk msn.com newsweek.com pcmag.com people.com politico.com refinery29.com reuters.com rollingstone.com spiegel.de standard.co.uk techradar.com telegraph.co.uk theguardian.com thehill.com thesun.co.uk theverge.com tomsguide.com usatoday.com variety.com vogue.com washingtonpost.com wired.com yahoo.com zdnet.com
improvedigital.com,43,allrecipes.com bild.de bleacherreport.com buzzfeed.com cbsnews.com cbssports.com cnbc.com cnet.com cnn.com corriere.it dailymail.co.uk elpais.com espn.com foxnews.com gamespot.com huffpost.com ign.com independent.co.uk latimes.com lemonde.fr metro.co.uk mirror.co.uk msn.com nbcnews.com pcmag.com people.com politico.com refinery29.com reuters.com rollingstone.com spiegel.de standard.co.uk techradar.com telegraph.co.uk thehill.com thesun.co.uk theverge.com today.com tomsguide.com variety.com washingtonpost.com yahoo.com zdnet.com
amxrtb.com,42,allrecipes.com axios.com businessinsider.com buzzfeed.com cbsnews.com cbssports.com cnbc.com cnet.com cnn.com corriere.it dailymail.co.uk elpais.com espn.com foxnews.com gamespot.com huffpost.com ign.com independent.co.uk latimes.com lemonde.fr metro.co.uk mirror.co.uk msn.com nbcnews.com newsweek.com pcmag.com people.com refinery29.com reuters.com rollingstone.com spiegel.de standard.co.uk techradar.com telegraph.co.uk thehill.com thesun.co.uk theverge.com today.com tomsguide.com variety.com yahoo.com zdnet.com
conversantmedia.com,40,allrecipes.com bleacherreport.com bustle.com buzzfeed.com cbsnews.com cbssports.com cnbc.com cnet.com cnn.com corriere.it cosmopolitan.com elpais.com espn.com gamespot.com goodhousekeeping.com huffpost.com ign.com independent.co.uk latimes.com metro.co.uk mirror.co.uk msn.com nbcnews.com newsweek.com pcmag.com people.com politico.com refinery29.com reuters.com rollingstone.com standard.co.uk techradar.com thekitchn.com thesun.co.uk today.com tomsguide.com variety.com washingtonpost.com yahoo.com zdnet.com
inmobi.com,40,allrecipes.com bild.de bleacherreport.com businessinsider.com bustle.com buzzfeed.com cbsnews.com cbssports.com cnet.com cnn.com corriere.it elpais.com espn.com foxnews.com gamespot.com huffpost.com ign.com independent.co.uk latimes.com lemonde.fr metro.co.uk mirror.co.uk msn.com newsweek.com nypost.com people.com politico.com refinery29.com reuters.com rollingstone.com standard.co.uk telegraph.co.uk theguardian.com thehill.com usatoday.com variety.com washingtonpost.com weather.com yahoo.com zdnet.com
adform.com,38,axios.com bild.de bleacherreport.com buzzfeed.com cbsnews.com cbssports.com cnbc.com cnn.com corriere.it dailymail.co.uk elpais.com espn.com forbes.com gamespot.com huffpost.com ign.com independent.co.uk latimes.com lemonde.fr metro.co.uk mirror.co.uk msn.com nypost.com politico.com refinery29.com reuters.com rollingstone.com spiegel.de standard.co.uk techradar.com telegraph.co.uk theguardian.com thehill.com thesun.co.uk tomsguide.com variety.com washingtonpost.com yahoo.com
loopme.com,38,allrecipes.com axios.com bild.de bleacherreport.com businessinsider.com buzzfeed.com cnet.com cnn.com corriere.it dailymail.co.uk elpais.com espn.com gamespot.com huffpost.com ign.com independent.co.uk latimes.com lemonde.fr metro.co.uk mirror.co.uk msn.com newsweek.com pcmag.com people.com politico.com refinery29.com reuters.com rollingstone.com spiegel.de standard.co.uk theguardian.com thehill.com theverge.com usatoday.com variety.com washingtonpost.com yahoo.com zdnet.com
risecodes.com,38,allrecipes.com bild.de businessinsider.com buzzfeed.com cbsnews.com cbssports.com cnet.com cnn.com corriere.it dailymail.co.uk elpais.com gamespot.com huffpost.com ign.com independent.co.uk latimes.com lemonde.fr metro.co.uk mirror.co.uk msn.com newsweek.com pcmag.com people.com politico.com refinery29.com reuters.com rollingstone.com standard.co.uk techradar.com telegraph.co.uk theguardian.com thehill.com theverge.com tomsguide.com variety.com washingtonpost.com yahoo.com zdnet.com
nativo.com,37,allrecipes.com axios.com bleacherreport.com bustle.com buzzfeed.com cbsnews.com cbssports.com cnet.com cnn.com corriere.it elpais.com forbes.com gamespot.com huffpost.com ign.com independent.co.uk latimes.com lemonde.fr metro.co.uk mirror.co.uk msn.com newsweek.com nypost.com pcmag.com people.com refinery29.com reuters.com rollingstone.com standard.co.uk thehill.com thekitchn.com usatoday.com variety.com washingtonpost.com weather.com yahoo.com zdnet.com
seedtag.com,37,bleacherreport.com bustle.com buzzfeed.com cbsnews.com cbssports.com cnet.com cnn.com corriere.it elpais.com espn.com forbes.com foxnews.com huffpost.com ign.com independent.co.uk lemonde.fr metro.co.uk mirror.co.uk msn.com newsweek.com nypost.com pcmag.com refinery29.com reuters.com rollingstone.com spiegel.de standard.co.uk techradar.com theguardian.com thesun.co.uk tomsguide.com usatoday.com variety.com washingtonpost.com weather.com yahoo.com zdnet.com
adyoulike.com,36,allrecipes.com axios.com buzzfeed.com cnet.com cnn.com corriere.it elpais.com espn.com gamespot.com huffpost.com ign.com independent.co.uk latimes.com lemonde.fr metro.co.uk mirror.co.uk msn.com nbcnews.com newsweek.com nypost.com pcmag.com people.com refinery29.com rollingstone.com spiegel.de standard.co.uk techradar.com telegraph.co.uk theguardian.com thekitchn.com tomsguide.com variety.com washingtonpost.com weather.com yahoo.com zdnet.com
ogury.com,36,allrecipes.com businessinsider.com bustle.com buzzfeed.com cnet.com cnn.com corriere.it elpais.com espn.com gamespot.com huffpost.com ign.com independent.co.uk lemonde.fr metro.co.uk mirror.co.uk msn.com newsweek.com nypost.com pcmag.com people.com refinery29.com reuters.com rollingstone.com spiegel.de standard.co.uk techradar.com theguardian.com thekitchn.com thesun.co.uk tomsguide.com variety.com washingtonpost.com weather.com yahoo.com zdnet.com
undertone.com,33,accuweather.com axios.com bleacherreport.com bustle.com buzzfeed.com cbsnews.com cbssports.com cnet.com cnn.com corriere.it dailymail.co.uk elpais.com gamespot.com huffpost.com ign.com mirror.co.uk msn.com newsweek.com nypost.com pcmag.com refinery29.com reuters.com rollingstone.com spiegel.de techradar.com thehill.com thekitchn.com tomsguide.com usatoday.com variety.com weather.com yahoo.com zdnet.com
connatix.com,32,accuweather.com allrecipes.com bild.de businessinsider.com bustle.com buzzfeed.com cbsnews.com cbssports.com cnn.com dailymail.co.uk forbes.com gamespot.com gq.com huffpost.com independent.co.uk latimes.com metro.co.uk nypost.com nytimes.com people.com politico.com reuters.com rollingstone.com techradar.com theguardian.com thekitchn.com theverge.com tomsguide.com variety.com vogue.com weather.com wired.com
blis.com,31,allrecipes.com bild.de buzzfeed.com cbsnews.com cbssports.com cnet.com corriere.it cosmopolitan.com elpais.com espn.com gamespot.com goodhousekeeping.com huffpost.com ign.com independent.co.uk metro.co.uk mirror.co.uk newsweek.com pcmag.com people.com refinery29.com reuters.com techradar.com theguardian.com thekitchn.com thesun.co.uk tomsguide.com usatoday.com washingtonpost.com weather.com zdnet.com
criteo.com,31,allrecipes.com bild.de bleacherreport.com buzzfeed.com corriere.it dailymail.co.uk elpais.com espn.com forbes.com gq.com huffpost.com ign.com independent.co.uk latimes.com metro.co.uk nypost.com pcmag.com people.com refinery29.com rollingstone.com spiegel.de standard.co.uk telegraph.co.uk theguardian.com thehill.com thesun.co.uk usatoday.com variety.com vogue.com wired.com yahoo.com
rhythmone.com,31,allrecipes.com bild.de bleacherreport.com bustle.com buzzfeed.com cbsnews.com cbssports.com cnbc.com cnet.com corriere.it dailymail.co.uk elpais.com espn.com forbes.com huffpost.com ign.com independent.co.uk metro.co.uk msn.com nbcnews.com nypost.com pcmag.com people.com refinery29.com reuters.com rollingstone.com spiegel.de today.com weather.com yahoo.com zdnet.com
sonobi.com,31,bustle.com buzzfeed.com cbsnews.com cbssports.com cnbc.com cnet.com cnn.com corriere.it elpais.com espn.com foxnews.com gamespot.com huffpost.com independent.co.uk latimes.com metro.co.uk mirror.co.uk msn.com nbcnews.com newsweek.com politico.com refinery29.com reuters.com rollingstone.com standard.co.uk thehill.com theverge.com today.com usatoday.com yahoo.com zdnet.com
33across.com,30,allrecipes.com axios.com bild.de buzzfeed.com cbsnews.com cbssports.com cnet.com cnn.com corriere.it dailymail.co.uk elpais.com espn.com gamespot.com huffpost.com ign.com independent.co.uk latimes.com metro.co.uk msn.com newsweek.com pcmag.com people.com politico.com refinery29.com reuters.com rollingstone.com theverge.com washingtonpost.com yahoo.com zdnet.com
liveintent.com,30,allrecipes.com axios.com businessinsider.com cbsnews.com cbssports.com cnbc.com cnet.com cnn.com cosmopolitan.com gamespot.com goodhousekeeping.com huffpost.com ign.com latimes.com nbcnews.com nypost.com nytimes.com pcmag.com people.com reuters.com rollingstone.com techradar.com thekitchn.com today.com tomsguide.com usatoday.com variety.com washingtonpost.com weather.com zdnet.com
sovrn.com,30,allrecipes.com bild.de bleacherreport.com bustle.com cnet.com cnn.com corriere.it dailymail.co.uk elpais.com espn.com huffpost.com ign.com latimes.com lemonde.fr metro.co.uk mirror.co.uk msn.com pcmag.com people.com refinery29.com reuters.com rollingstone.com spiegel.de standard.co.uk thehill.com theverge.com usatoday.com variety.com yahoo.com zdnet.com
beachfront.com,29,bleacherreport.com bustle.com buzzfeed.com cbsnews.com cbssports.com cnbc.com cnn.com corriere.it elpais.com espn.com foxnews.com huffpost.com independent.co.uk metro.co.uk mirror.co.uk msn.com nbcnews.com refinery29.com reuters.com rollingstone.com spiegel.de standard.co.uk thehill.com theverge.com today.com usatoday.com variety.com washingtonpost.com yahoo.com
emxdgt.com,29,allrecipes.com bild.de bleacherreport.com buzzfeed.com cbsnews.com cbssports.com cnbc.com cnn.com corriere.it dailymail.co.uk elpais.com espn.com huffpost.com independent.co.uk latimes.com metro.co.uk mirror.co.uk msn.com nbcnews.com people.com politico.com refinery29.com reuters.com spiegel.de thehill.com theverge.com today.com weather.com yahoo.com
spotxchange.com,29,allrecipes.com bild.de bleacherreport.com buzzfeed.com cnbc.com cnn.com corriere.it dailymail.co.uk elpais.com forbes.com foxnews.com gamespot.com gq.com huffpost.com independent.co.uk latimes.com metro.co.uk nbcnews.com people.com refinery29.com reuters.com rollingstone.com spiegel.de thehill.com theverge.com today.com vogue.com wired.com yahoo.com
richaudience.com,28,allrecipes.com buzzfeed.com cbsnews.com cbssports.com cnet.com cnn.com corriere.it elpais.com espn.com gamespot.com huffpost.com independent.co.uk lemonde.fr mirror.co.uk msn.com pcmag.com people.com refinery29.com reuters.com rollingstone.com standard.co.uk techradar.com theguardian.com tomsguide.com variety.com washingtonpost.com yahoo.com zdnet.com
admanmedia.com,27,bleacherreport.com buzzfeed.com cbsnews.com cbssports.com cnet.com cnn.com corriere.it elpais.com espn.com gamespot.com huffpost.com ign.com independent.co.uk lemonde.fr metro.co.uk msn.com pcmag.com refinery29.com rollingstone.com standard.co.uk techradar.com telegraph.co.uk thehill.com tomsguide.com variety.com yahoo.com zdnet.com
outbrain.com,27,allrecipes.com bild.de bleacherreport.com bustle.com cosmopolitan.com dailymail.co.uk espn.com foxnews.com goodhousekeeping.com huffpost.com latimes.com lemonde.fr metro.co.uk nypost.com people.com politico.com refinery29.com reuters.com rollingstone.com spiegel.de standard.co.uk telegraph.co.uk thesun.co.uk theverge.com variety.com washingtonpost.com yahoo.com
spotx.tv,27,allrecipes.com bild.de bleacherreport.com buzzfeed.com cnbc.com cnn.com corriere.it dailymail.co.uk elpais.com forbes.com foxnews.com gamespot.com gq.com huffpost.com latimes.com metro.co.uk nbcnews.com people.com reuters.com rollingstone.com spiegel.de thehill.com theverge.com today.com vogue.com wired.com yahoo.com
the-ozone-project.com,27,allrecipes.com bleacherreport.com businessinsider.com buzzfeed.com cnet.com cnn.com dailymail.co.uk gamespot.com huffpost.com ign.com independent.co.uk latimes.com metro.co.uk mirror.co.uk msn.com newsweek.com nypost.com pcmag.com people.com reuters.com standard.co.uk telegraph.co.uk theguardian.com thesun.co.uk washingtonpost.com weather.com zdnet.com
tremorhub.com,27,bild.de bleacherreport.com buzzfeed.com cbsnews.com cbssports.com cnbc.com cnn.com corriere.it dailymail.co.uk elpais.com espn.com forbes.com foxnews.com huffpost.com independent.co.uk latimes.com lemonde.fr metro.co.uk msn.com nbcnews.com refinery29.com reuters.com spiegel.de thehill.com theverge.com today.com yahoo.com
spotim.market,26,buzzfeed.com cnet.com cnn.com corriere.it elpais.com espn.com gamespot.com huffpost.com ign.com independent.co.uk metro.co.uk mirror.co.uk newsweek.com nypost.com pcmag.com refinery29.com rollingstone.com techradar.com theguardian.com thekitchn.com tomsguide.com variety.com washingtonpost.com weather.com yahoo.com zdnet.com
telaria.com,26,bild.de bleacherreport.com buzzfeed.com cbsnews.com cbssports.com cnbc.com cnn.com corriere.it dailymail.co.uk elpais.com espn.com forbes.com foxnews.com huffpost.com latimes.com lemonde.fr metro.co.uk msn.com nbcnews.com refinery29.com reuters.com spiegel.de thehill.com theverge.com today.com yahoo.com
zetaglobal.net,26,axios.com bleacherreport.com buzzfeed.com cnet.com cnn.com corriere.it elpais.com gamespot.com huffpost.com ign.com independent.co.uk latimes.com mirror.co.uk msn.com newsweek.com pcmag.com refinery29.com reuters.com rollingstone.com standard.co.uk thehill.com usatoday.com variety.com washingtonpost.com yahoo.com zdnet.com
trustedstack.com,25,allrecipes.com businessinsider.com buzzfeed.com cnet.com corriere.it elpais.com espn.com forbes.com gamespot.com huffpost.com ign.com mirror.co.uk msn.com pcmag.com people.com refinery29.com reuters.com spiegel.de techradar.com theverge.com tomsguide.com washingtonpost.com weather.com yahoo.com zdnet.com
adipolosolutions.com,24,allrecipes.com bild.de businessinsider.com buzzfeed.com cnn.com corriere.it dailymail.co.uk elpais.com espn.com gamespot.com huffpost.com ign.com independent.co.uk latimes.com metro.co.uk pcmag.com people.com politico.com refinery29.com reuters.com rollingstone.com theverge.com variety.com yahoo.com
adswizz.com,24,bild.de cnbc.com cnn.com corriere.it elpais.com espn.com foxnews.com gamespot.com huffpost.com latimes.com lemonde.fr msn.com nbcnews.com nytimes.com pcmag.com refinery29.com rollingstone.com spiegel.de thehill.com theverge.com today.com variety.com washingtonpost.com yahoo.com
copper6.com,24,bild.de businessinsider.com buzzfeed.com cbsnews.com cbssports.com cnet.com cnn.com corriere.it dailymail.co.uk elpais.com espn.com foxnews.com gamespot.com huffpost.com ign.com independent.co.uk metro.co.uk nypost.com pcmag.com refinery29.com reuters.com standard.co.uk yahoo.com zdnet.com
minutemedia.com,24,buzzfeed.com cbsnews.com cbssports.com cnn.com corriere.it elpais.com huffpost.com independent.co.uk metro.co.uk mirror.co.uk msn.com newsweek.com nypost.com politico.com refinery29.com reuters.com rollingstone.com standard.co.uk thehill.com theverge.com usatoday.com variety.com washingtonpost.com yahoo.com
vi.ai,24,allrecipes.com bild.de bleacherreport.com bustle.com cnn.com corriere.it dailymail.co.uk elpais.com espn.com foxnews.com huffpost.com latimes.com lemonde.fr metro.co.uk nypost.com people.com refinery29.com reuters.com rollingstone.com spiegel.de standard.co.uk telegraph.co.uk theverge.com variety.com
ottadvisors.com,23,businessinsider.com bustle.com buzzfeed.com cnet.com dailymail.co.uk elpais.com espn.com gamespot.com huffpost.com ign.com independent.co.uk latimes.com mirror.co.uk nypost.com pcmag.com refinery29.com reuters.com rollingstone.com standard.co.uk theguardian.com variety.com washingtonpost.com zdnet.com
ssp.cadent.com,22,allrecipes.com buzzfeed.com cbsnews.com cbssports.com cnn.com corriere.it elpais.com foxnews.com gamespot.com huffpost.com independent.co.uk newsweek.com people.com refinery29.com reuters.com rollingstone.com thehill.com usatoday.com variety.com washingtonpost.com weather.com yahoo.com
taboola.com,22,businessinsider.com buzzfeed.com cbsnews.com cbssports.com cnbc.com corriere.it cosmopolitan.com elpais.com espn.com foxnews.com goodhousekeeping.com huffpost.com independent.co.uk mirror.co.uk msn.com nbcnews.com standard.co.uk thehill.com today.com usatoday.com weather.com yahoo.com
mobkoi.com,21,bild.de businessinsider.com bustle.com buzzfeed.com cnn.com corriere.it elpais.com espn.com gq.com huffpost.com independent.co.uk latimes.com newsweek.com politico.com refinery29.com reuters.com rollingstone.com standard.co.uk variety.com vogue.com wired.com
insticator.com,20,allrecipes.com buzzfeed.com cnn.com corriere.it dailymail.co.uk elpais.com foxnews.com gamespot.com huffpost.com independent.co.uk mirror.co.uk msn.com newsweek.com people.com refinery29.com reuters.com standard.co.uk washingtonpost.com weather.com yahoo.com
krushmedia.com,20,allrecipes.com buzzfeed.com cbsnews.com cbssports.com cnet.com cnn.com corriere.it elpais.com espn.com gamespot.com huffpost.com independent.co.uk latimes.com mirror.co.uk msn.com people.com refinery29.com standard.co.uk yahoo.com zdnet.com
supply.colossusssp.com,20,allrecipes.com bild.de bustle.com cnbc.com cnn.com corriere.it elpais.com espn.com independent.co.uk latimes.com metro.co.uk mirror.co.uk msn.com nbcnews.com people.com politico.com refinery29.com thehill.com theverge.com today.com
vidazoo.com,19,allrecipes.com bleacherreport.com buzzfeed.com cnn.com corriere.it elpais.com huffpost.com metro.co.uk msn.com newsweek.com people.com refinery29.com rollingstone.com standard.co.uk techradar.com thehill.com tomsguide.com variety.com yahoo.com
gannett.com,18,bild.de buzzfeed.com cbsnews.com cbssports.com corriere.it dailymail.co.uk elpais.com espn.com gamespot.com huffpost.com independent.co.uk latimes.com politico.com refinery29.com reuters.com standard.co.uk theguardian.com usatoday.com
lkqd.net,18,bleacherreport.com cbsnews.com cbssports.com cnbc.com cnn.com corriere.it dailymail.co.uk elpais.com huffpost.com latimes.com metro.co.uk msn.com nbcnews.com refinery29.com reuters.com thehill.com today.com yahoo.com
pmc.com,18,bustle.com buzzfeed.com corriere.it dailymail.co.uk elpais.com gamespot.com huffpost.com ign.com independent.co.uk mirror.co.uk refinery29.com reuters.com rollingstone.com thehill.com theverge.com variety.com washingtonpost.com yahoo.com
advertising.com,17,allrecipes.com bleacherreport.com buzzfeed.com cnbc.com corriere.it elpais.com espn.com huffpost.com ign.com nbcnews.com newsweek.com people.com refinery29.com rollingstone.com theverge.com today.com variety.com
axonix.com,17,buzzfeed.com cbsnews.com cbssports.com cnn.com corriere.it elpais.com espn.com huffpost.com independent.co.uk lemonde.fr mirror.co.uk politico.com refinery29.com reuters.com standard.co.uk theverge.com yahoo.com
districtm.io,17,allrecipes.com axios.com bleacherreport.com cnn.com corriere.it elpais.com espn.com huffpost.com nbcnews.com people.com rollingstone.com telegraph.co.uk thehill.com theverge.com today.com washingtonpost.com yahoo.com
pubnative.net,17,bleacherreport.com buzzfeed.com cnn.com corriere.it elpais.com espn.com huffpost.com independent.co.uk latimes.com mirror.co.uk msn.com refinery29.com standard.co.uk techradar.com tomsguide.com weather.com yahoo.com
targetspot.com,17,cnbc.com cnn.com corriere.it elpais.com espn.com foxnews.com huffpost.com lemonde.fr msn.com pcmag.com refinery29.com rollingstone.com spiegel.de thehill.com theverge.com today.com variety.com
wunderkind.co,17,buzzfeed.com cbsnews.com cbssports.com cnn.com dailymail.co.uk elpais.com gamespot.com ign.com mirror.co.uk nypost.com pcmag.com refinery29.com reuters.com thehill.com thekitchn.com thesun.co.uk weather.com
imds.tv,16,bild.de buzzfeed.com cnbc.com corriere.it dailymail.co.uk elpais.com huffpost.com ign.com metro.co.uk nbcnews.com newsweek.com refinery29.com rollingstone.com spiegel.de today.com variety.com
blockthrough.com,15,allrecipes.com buzzfeed.com gamespot.com huffpost.com ign.com lemonde.fr mirror.co.uk msn.com pcmag.com people.com refinery29.com reuters.com spiegel.de usatoday.com yahoo.com
groupm.com,15,bild.de cbsnews.com cbssports.com cnbc.com corriere.it elpais.com espn.com foxnews.com lemonde.fr msn.com nbcnews.com refinery29.com spiegel.de thesun.co.uk today.com
infolinks.com,15,buzzfeed.com cbsnews.com cbssports.com gamespot.com huffpost.com mirror.co.uk newsweek.com refinery29.com rollingstone.com techradar.com theguardian.com tomsguide.com variety.com washingtonpost.com yahoo.com
opamarketplace.com,15,bild.de businessinsider.com buzzfeed.com dailymail.co.uk elpais.com espn.com gamespot.com huffpost.com independent.co.uk latimes.com politico.com reuters.com rollingstone.com theverge.com variety.com
springserve.com,15,bleacherreport.com cbsnews.com cbssports.com cnbc.com cnn.com corriere.it elpais.com espn.com foxnews.com gamespot.com huffpost.com msn.com nbcnews.com refinery29.com today.com
tritondigital.com,15,cnn.com corriere.it elpais.com espn.com foxnews.com huffpost.com msn.com pcmag.com refinery29.com rollingstone.com spiegel.de theverge.com usatoday.com variety.com washingtonpost.com
yieldlab.net,15,bild.de cbsnews.com cbssports.com corriere.it dailymail.co.uk elpais.com espn.com huffpost.com lemonde.fr msn.com nbcnews.com refinery29.com spiegel.de today.com weather.com
adipolo.com,14,bild.de businessinsider.com buzzfeed.com corriere.it dailymail.co.uk elpais.com espn.com gamespot.com huffpost.com latimes.com politico.com reuters.com rollingstone.com variety.com
concert.io,14,bustle.com cnbc.com cnn.com gq.com nbcnews.com refinery29.com reuters.com rollingstone.com thekitchn.com theverge.com today.com variety.com vogue.com wired.com
smartclip.net,14,bild.de buzzfeed.com cbsnews.com cbssports.com cnn.com corriere.it cosmopolitan.com elpais.com espn.com goodhousekeeping.com huffpost.com msn.com refinery29.com reuters.com
trustx.org,14,buzzfeed.com cbsnews.com cbssports.com cnbc.com espn.com huffpost.com independent.co.uk nbcnews.com politico.com refinery29.com thekitchn.com theverge.com today.com usatoday.com
152media.info,13,buzzfeed.com cbsnews.com cbssports.com cnn.com corriere.it elpais.com espn.com huffpost.com lemonde.fr mirror.co.uk msn.com refinery29.com yahoo.com
playbuzz.com,13,allrecipes.com buzzfeed.com cnet.com cnn.com elpais.com huffpost.com independent.co.uk pcmag.com people.com standard.co.uk theguardian.com usatoday.com zdnet.com
pmbmonetize.com,13,bild.de businessinsider.com buzzfeed.com dailymail.co.uk elpais.com espn.com gamespot.com huffpost.com latimes.com politico.com reuters.com rollingstone.com variety.com
smartadline.com,13,bild.de businessinsider.com buzzfeed.com dailymail.co.uk elpais.com gamespot.com huffpost.com latimes.com politico.com refinery29.com reuters.com rollingstone.com variety.com
smilewanted.com,13,buzzfeed.com corriere.it elpais.com espn.com huffpost.com independent.co.uk lemonde.fr newsweek.com refinery29.com spiegel.de standard.co.uk thehill.com yahoo.com
stroeer.com,13,bild.de buzzfeed.com cbsnews.com cbssports.com corriere.it dailymail.co.uk elpais.com huffpost.com mirror.co.uk msn.com refinery29.com reuters.com spiegel.de
didna.io,12,bild.de buzzfeed.com cbsnews.com cbssports.com elpais.com espn.com huffpost.com metro.co.uk politico.com reuters.com thehill.com theverge.com
opera.com,12,bustle.com buzzfeed.com cbsnews.com cbssports.com cnn.com corriere.it elpais.com gamespot.com huffpost.com independent.co.uk msn.com refinery29.com
thebrave.io,12,cbsnews.com cbssports.com cnet.com cnn.com corriere.it elpais.com gamespot.com mirror.co.uk theverge.com washingtonpost.com yahoo.com zdnet.com
xapads.com,12,buzzfeed.com cbsnews.com cbssports.com corriere.it elpais.com espn.com huffpost.com metro.co.uk msn.com politico.com refinery29.com reuters.com
adwmg.com,11,bild.de corriere.it elpais.com espn.com ign.com lemonde.fr metro.co.uk msn.com politico.com refinery29.com reuters.com
cpmstar.com,11,cnet.com corriere.it elpais.com huffpost.com ign.com independent.co.uk msn.com pcmag.com refinery29.com standard.co.uk zdnet.com
primis.tech,11,elpais.com ign.com independent.co.uk mirror.co.uk refinery29.com reuters.com rollingstone.com theguardian.com variety.com washingtonpost.com weather.com
showheroes.com,11,bild.de buzzfeed.com cbsnews.com cbssports.com cnn.com corriere.it elpais.com huffpost.com refinery29.com reuters.com spiegel.de
verve.com,11,buzzfeed.com cbsnews.com cbssports.com cnn.com corriere.it elpais.com espn.com huffpost.com mirror.co.uk msn.com refinery29.com
vidoomy.com,11,buzzfeed.com cnbc.com corriere.it dailymail.co.uk elpais.com espn.com huffpost.com metro.co.uk nbcnews.com refinery29.com today.com
adagio.io,10,buzzfeed.com cnn.com corriere.it elpais.com espn.com huffpost.com independent.co.uk refinery29.com standard.co.uk thesun.co.uk
bidgx.com,10,bustle.com buzzfeed.com dailymail.co.uk gamespot.com huffpost.com reuters.com rollingstone.com techradar.com tomsguide.com variety.com
motorik.io,10,allrecipes.com cnn.com corriere.it elpais.com espn.com independent.co.uk latimes.com msn.com people.com yahoo.com
nsightvideo.com,10,cbsnews.com cbssports.com corriere.it elpais.com huffpost.com independent.co.uk lemonde.fr msn.com refinery29.com yahoo.com
synacor.com,10,bild.de buzzfeed.com dailymail.co.uk elpais.com espn.com huffpost.com latimes.com metro.co.uk reuters.com spiegel.de
condenast.com,9,buzzfeed.com elpais.com gq.com huffpost.com independent.co.uk standard.co.uk vogue.com wired.com yahoo.com
dianomi.com,9,axios.com cnbc.com cnn.com forbes.com reuters.com spiegel.de techradar.com tomsguide.com washingtonpost.com
e-planning.net,9,cbsnews.com cbssports.com cnn.com corriere.it elpais.com espn.com gamespot.com huffpost.com refinery29.com
eskimi.com,9,buzzfeed.com corriere.it elpais.com espn.com huffpost.com lemonde.fr mirror.co.uk msn.com refinery29.com
fabrik.com,9,bustle.com cbsnews.com cbssports.com cnn.com gamespot.com ign.com reuters.com rollingstone.com variety.com
iqzone.com,9,buzzfeed.com corriere.it elpais.com espn.com huffpost.com msn.com politico.com refinery29.com reuters.com
onlinemediasolutions.com,9,cnet.com corriere.it elpais.com gamespot.com newsweek.com refinery29.com washingtonpost.com yahoo.com zdnet.com
rtbhouse.com,9,buzzfeed.com corriere.it elpais.com huffpost.com independent.co.uk refinery29.com standard.co.uk thesun.co.uk yahoo.com
tappx.com,9,buzzfeed.com elpais.com huffpost.com independent.co.uk lemonde.fr msn.com refinery29.com standard.co.uk washingtonpost.com
xad.com,9,cnet.com corriere.it elpais.com espn.com huffpost.com refinery29.com spiegel.de yahoo.com zdnet.com
connectad.io,8,cnn.com corriere.it elpais.com espn.com huffpost.com msn.com refinery29.com spiegel.de
dentsu.com,8,cbsnews.com cbssports.com cnn.com corriere.it elpais.com metro.co.uk msn.com refinery29.com
flashb.id,8,corriere.it elpais.com espn.com independent.co.uk mirror.co.uk newsweek.com standard.co.uk thehill.com
nobid.io,8,buzzfeed.com elpais.com gamespot.com huffpost.com independent.co.uk msn.com thehill.com thesun.co.uk
thisisdax.com,8,cnn.com pcmag.com refinery29.com rollingstone.com techradar.com theverge.com tomsguide.com variety.com
videobyte.com,8,bleacherreport.com cbsnews.com cbssports.com cnbc.com cnn.com msn.com nbcnews.com today.com
adelement.com,7,buzzfeed.com cnet.com corriere.it huffpost.com independent.co.uk standard.co.uk zdnet.com
adingo.jp,7,buzzfeed.com dailymail.co.uk elpais.com espn.com huffpost.com refinery29.com yahoo.com
adtonos.com,7,cnn.com corriere.it elpais.com pcmag.com refinery29.com rollingstone.com variety.com
aniview.com,7,buzzfeed.com dailymail.co.uk elpais.com espn.com huffpost.com ign.com refinery29.com
applovin.com,7,cbsnews.com cbssports.com cnbc.com cnn.com foxnews.com nbcnews.com today.com
arkadium.com,7,dailymail.co.uk elpais.com independent.co.uk metro.co.uk msn.com standard.co.uk usatoday.com
betweendigital.com,7,buzzfeed.com corriere.it elpais.com espn.com huffpost.com msn.com refinery29.com
goldbach-germany.de,7,bild.de cnn.com corriere.it elpais.com msn.com refinery29.com spiegel.de
goldvertise.com,7,bild.de buzzfeed.com corriere.it elpais.com huffpost.com refinery29.com reuters.com
kueez.com,7,corriere.it elpais.com ign.com refinery29.com standard.co.uk thehill.com yahoo.com
mediafuse.com,7,buzzfeed.com corriere.it lemonde.fr msn.com refinery29.com reuters.com theverge.com
mintegral.com,7,cnn.com corriere.it elpais.com espn.com gamespot.com huffpost.com refinery29.com
nextmillennium.io,7,corriere.it elpais.com espn.com independent.co.uk lemonde.fr msn.com refinery29.com
qortex.ai,7,corriere.it elpais.com metro.co.uk msn.com politico.com refinery29.com reuters.com
rhebus.works,7,cnet.com cnn.com corriere.it elpais.com espn.com huffpost.com zdnet.com
smartyads.com,7,cnn.com elpais.com espn.com huffpost.com msn.com refinery29.com washingtonpost.com
viralize.com,7,bild.de buzzfeed.com corriere.it elpais.com huffpost.com refinery29.com spiegel.de
ad-generation.jp,6,cnn.com corriere.it elpais.com huffpost.com metro.co.uk rollingstone.com
dauup.com,6,cbsnews.com cbssports.com cnn.com corriere.it elpais.com refinery29.com
dms-cg.com,6,corriere.it elpais.com espn.com lemonde.fr msn.com refinery29.com
freestar.com,6,ign.com independent.co.uk mirror.co.uk refinery29.com reuters.com washingtonpost.com
getmediamx.com,6,cnet.com gamespot.com newsweek.com washingtonpost.com yahoo.com zdnet.com
headerlift.com,6,cnn.com corriere.it elpais.com huffpost.com msn.com refinery29.com
iion.io,6,corriere.it msn.com refinery29.com techradar.com thehill.com tomsguide.com
katzdigital.com,6,cnn.com pcmag.com refinery29.com rollingstone.com thehill.com variety.com
mgid.com,6,corriere.it elpais.com espn.com huffpost.com newsweek.com refinery29.com
netpoint-media.de,6,bild.de corriere.it lemonde.fr msn.com refinery29.com spiegel.de
resetdigital.co,6,bild.de elpais.com metro.co.uk politico.com refinery29.com reuters.com
revcontent.com,6,buzzfeed.com cbsnews.com cbssports.com huffpost.com ign.com pcmag.com
soundcast.io,6,cnn.com corriere.it elpais.com lemonde.fr msn.com refinery29.com
soundstack.com,6,cnn.com pcmag.com refinery29.com rollingstone.com thehill.com variety.com
theglobeandmail.com,6,cnn.com espn.com forbes.com reuters.com theguardian.com washingtonpost.com
wurl.com,6,cbsnews.com cbssports.com cnbc.com foxnews.com nbcnews.com today.com
aditude.io,5,elpais.com huffpost.com independent.co.uk msn.com refinery29.com
admixer.net,5,corriere.it elpais.com huffpost.com metro.co.uk refinery29.com
alkimi.org,5,cbsnews.com cbssports.com corriere.it refinery29.com thesun.co.uk
alliancegravity.com,5,corriere.it elpais.com lemonde.fr msn.com refinery29.com
appads.in,5,corriere.it elpais.com espn.com huffpost.com refinery29.com
carliba.io,5,bild.de buzzfeed.com espn.com huffpost.com reuters.com
chocolateplatform.com,5,corriere.it elpais.com huffpost.com msn.com refinery29.com
consumable.com,5,cnn.com refinery29.com rollingstone.com theverge.com variety.com
entravision.com,5,cnn.com refinery29.com rollingstone.com thehill.com variety.com
hoopladigital.co.uk,5,buzzfeed.com huffpost.com independent.co.uk mirror.co.uk standard.co.uk
mediago.io,5,corriere.it elpais.com newsweek.com refinery29.com yahoo.com
onomagic.com,5,cnet.com newsweek.com washingtonpost.com yahoo.com zdnet.com
playdigo.com,5,axios.com cnn.com elpais.com espn.com refinery29.com
programmaticx.ai,5,corriere.it elpais.com independent.co.uk refinery29.com yahoo.com
start.io,5,corriere.it elpais.com refinery29.com thehill.com weather.com
stnvideo.com,5,cnet.com nypost.com thehill.com usatoday.com zdnet.com
webads.eu,5,corriere.it elpais.com lemonde.fr msn.com refinery29.com
zmaticoo.com,5,cbsnews.com cbssports.com elpais.com gamespot.com mirror.co.uk
aceex.io,4,cnet.com corriere.it refinery29.com zdnet.com
adnimation.com,4,buzzfeed.com elpais.com huffpost.com independent.co.uk
adops.com,4,cbsnews.com cbssports.com msn.com yahoo.com
adpone.com,4,corriere.it elpais.com huffpost.com msn.com
adtech.com,4,corriere.it elpais.com huffpost.com theverge.com
ampliffy.com,4,corriere.it elpais.com espn.com huffpost.com
amplifier.audio,4,cnn.com pcmag.com refinery29.com thehill.com
aol.com,4,elpais.com espn.com huffpost.com refinery29.com
apester.com,4,corriere.it mirror.co.uk rollingstone.com variety.com
aralego.com,4,corriere.it elpais.com huffpost.com msn.com
avct.cloud,4,buzzfeed.com huffpost.com telegraph.co.uk thesun.co.uk
badiversitynetwork.com,4,elpais.com latimes.com metro.co.uk politico.com
bidmatic.io,4,corriere.it elpais.com espn.com refinery29.com
bizzclick.com,4,cnet.com corriere.it elpais.com zdnet.com
bliink.io,4,corriere.it elpais.com msn.com refinery29.com
bold-win.com,4,corriere.it elpais.com refinery29.com reuters.com
boldcollective.co,4,pcmag.com refinery29.com rollingstone.com variety.com
brightcom.com,4,cnet.com espn.com huffpost.com zdnet.com
bulletin.ca,4,corriere.it elpais.com msn.com refinery29.com
d-sail.com,4,corriere.it elpais.com msn.com refinery29.com
facebook.com,4,bleacherreport.com mirror.co.uk msn.com washingtonpost.com
fueldigitalmedia.com,4,corriere.it lemonde.fr msn.com refinery29.com
fyber.com,4,bleacherreport.com corriere.it elpais.com huffpost.com
hcodemedia.com,4,cnn.com elpais.com politico.com reuters.com
hindsightsolutions.net,4,buzzfeed.com elpais.com espn.com huffpost.com
impact-ad.jp,4,buzzfeed.com elpais.com huffpost.com reuters.com
independent.co.uk,4,buzzfeed.com huffpost.com independent.co.uk standard.co.uk
k-words.io,4,buzzfeed.com huffpost.com independent.co.uk standard.co.uk
lemmatechnologies.com,4,cbsnews.com cbssports.com elpais.com huffpost.com
lkqd.com,4,corriere.it elpais.com huffpost.com msn.com
lunamedia.io,4,buzzfeed.com corriere.it elpais.com huffpost.com
mobfox.com,4,axios.com corriere.it elpais.com huffpost.com
nitropay.com,4,gamespot.com rollingstone.com variety.com yahoo.com
pubstack.io,4,buzzfeed.com huffpost.com independent.co.uk standard.co.uk
shopsense.ai,4,buzzfeed.com huffpost.com techradar.com tomsguide.com
sspx.tech,4,bild.de cbsnews.com cbssports.com spiegel.de
tcl.com,4,cnbc.com cnn.com nbcnews.com today.com
trinityaudio.ai,4,pcmag.com refinery29.com rollingstone.com variety.com
tvp.tv,4,cnn.com metro.co.uk politico.com reuters.com
visiblemeasures.com,4,cnn.com corriere.it elpais.com refinery29.com
voisetech.com,4,corriere.it lemonde.fr msn.com refinery29.com
vrtcal.com,4,buzzfeed.com cbsnews.com cbssports.com huffpost.com
weborama.nl,4,corriere.it elpais.com msn.com refinery29.com
ziffdavis.com,4,cnet.com ign.com pcmag.com zdnet.com
ad-stir.com,3,buzzfeed.com elpais.com huffpost.com
adalliance.nl,3,cbsnews.com cbssports.com espn.com
adcolony.com,3,elpais.com espn.com huffpost.com
admagnetix.io,3,corriere.it elpais.com refinery29.com
admatic.de,3,corriere.it lemonde.fr refinery29.com
admedia.com,3,cnn.com elpais.com metro.co.uk
adpushup.com,3,buzzfeed.com huffpost.com thehill.com
adtelligent.com,3,elpais.com espn.com huffpost.com
algorix.co,3,corriere.it elpais.com refinery29.com
altitude-arena.com,3,elpais.com huffpost.com reuters.com
aolcloud.net,3,corriere.it elpais.com huffpost.com
app-stock.com,3,cnet.com corriere.it zdnet.com
atlas5.co,3,elpais.com espn.com huffpost.com
audienzz.com,3,corriere.it refinery29.com spiegel.de
converge-digital.com,3,dailymail.co.uk metro.co.uk mirror.co.uk
foxpush.com,3,elpais.com ign.com pcmag.com
gamezop.com,3,cbsnews.com cbssports.com elpais.com
groundtruth.com,3,elpais.com espn.com huffpost.com
harrenmedia.com,3,buzzfeed.com huffpost.com independent.co.uk
inskinmedia.com,3,buzzfeed.com cnbc.com espn.com
kntxy.com,3,bustle.com independent.co.uk washingtonpost.com
lgads.tv,3,bleacherreport.com cnn.com reuters.com
magnite.com,3,cnbc.com nbcnews.com today.com
markappmedia.site,3,cbsnews.com cbssports.com corriere.it
mars.media,3,corriere.it elpais.com huffpost.com
mediasquare.fr,3,corriere.it lemonde.fr refinery29.com
mobilefuse.com,3,cbsnews.com cbssports.com weather.com
omgstudios.com,3,buzzfeed.com elpais.com huffpost.com
oxiem.com,3,newsweek.com usatoday.com yahoo.com
pokkt.com,3,elpais.com espn.com huffpost.com
publicismedia.de,3,cbsnews.com cbssports.com spiegel.de
publicismedia.it,3,corriere.it elpais.com refinery29.com
quantum-advertising.com,3,corriere.it elpais.com espn.com
rakuten.tv,3,cbsnews.com cbssports.com cnn.com
rogerssportsandmedia.com,3,gq.com vogue.com wired.com
sekindo.com,3,corriere.it elpais.com huffpost.com
selectmedia.asia,3,corriere.it elpais.com espn.com
smartstream.tv,3,bild.de msn.com spiegel.de
snigelweb.com,3,buzzfeed.com huffpost.com msn.com
stailamedia.com,3,elpais.com msn.com spiegel.de
stamptv.io,3,cbsnews.com cbssports.com cnn.com
sublime.xyz,3,elpais.com espn.com lemonde.fr
sunmedia.tv,3,cnn.com corriere.it elpais.com
system1.com,3,cnet.com pcmag.com zdnet.com
teal.works,3,independent.co.uk standard.co.uk weather.com
tvazteca.com,3,cbsnews.com cbssports.com elpais.com
twiago.com,3,huffpost.com spiegel.de yahoo.com
ucfunnel.com,3,corriere.it elpais.com huffpost.com
uis.mobfox.com,3,corriere.it elpais.com refinery29.com
vdo.ai,3,elpais.com espn.com huffpost.com
visoon.de,3,bild.de cbsnews.com cbssports.com
walletcircle.co,3,elpais.com espn.com huffpost.com
wideorbit.com,3,espn.com msn.com theverge.com
yeahmobi.com,3,corriere.it espn.com mirror.co.uk
aax.media,2,allrecipes.com people.com
ad-shield.io,2,buzzfeed.com huffpost.com
addapptr.com,2,corriere.it refinery29.com
adintouch.com,2,axios.com refinery29.com
adkaora.com,2,corriere.it elpais.com
admatic.com.tr,2,elpais.com huffpost.com
ads.adasiaholdings.com,2,elpais.com huffpost.com
adsbynimbus.com,2,cbsnews.com cbssports.com
adsmartx.ai,2,cbsnews.com cbssports.com
advangelists.com,2,elpais.com huffpost.com
advibe.media,2,cnet.com zdnet.com
adview.com,2,cnet.com zdnet.com
aerserv.com,2,elpais.com huffpost.com
aja.vision,2,buzzfeed.com huffpost.com
alchemyx.io,2,cbsnews.com cbssports.com
allrecipes.com,2,allrecipes.com people.com
amagi.com,2,cnn.com reuters.com
anzu.io,2,corriere.it refinery29.com
audienciad.com,2,cnet.com zdnet.com
audio.ad,2,espn.com foxnews.com
audioboost.com,2,elpais.com espn.com
audire.fm,2,elpais.com refinery29.com
azerion.at,2,cbsnews.com cbssports.com
behave.com,2,refinery29.com thehill.com
bellmedia.ca,2,allrecipes.com people.com
bematterfull.com,2,corriere.it mirror.co.uk
bidease.com,2,cbsnews.com cbssports.com
bidence.com,2,cnet.com zdnet.com
bidscube.com,2,elpais.com huffpost.com
bidswitch.com,2,elpais.com huffpost.com
bidtellect.com,2,huffpost.com rollingstone.com
bluexad.ai,2,corriere.it refinery29.com
boostappi.com,2,cnet.com zdnet.com
btrll.com,2,elpais.com huffpost.com
buzzfeed.com,2,buzzfeed.com huffpost.com
c.amazon-adsystem.com,2,theverge.com washingtonpost.com
cairorcsmedia.it,2,corriere.it msn.com
chartboost.com,2,elpais.com huffpost.com
chicoryapp.com,2,buzzfeed.com thekitchn.com
concept.dk,2,ign.com msn.com
cwire.com,2,corriere.it spiegel.de
danoler.com,2,corriere.it refinery29.com
disney.com,2,espn.com yahoo.com
display.io,2,cnn.com refinery29.com
disqus.com,2,elpais.com refinery29.com
dotdashmeredith.com,2,allrecipes.com people.com
durationmedia.net,2,elpais.com thesun.co.uk
dxkulture.com,2,refinery29.com thehill.com
elementaltv.io,2,cbsnews.com cbssports.com
engagebdr.com,2,elpais.com huffpost.com
escalax.io,2,corriere.it refinery29.com
exponential.com,2,elpais.com huffpost.com
futureplc.com,2,techradar.com tomsguide.com
genieesspv.jp,2,buzzfeed.com huffpost.com
gmossp-sp.jp,2,buzzfeed.com huffpost.com
gravite.net,2,corriere.it refinery29.com
hashtag-labs.com,2,refinery29.com thehill.com
hearst.com,2,cosmopolitan.com goodhousekeeping.com
ijit.com,2,corriere.it refinery29.com
impactify.io,2,buzzfeed.com huffpost.com
incrementx.com,2,elpais.com huffpost.com
inner-active.com,2,elpais.com huffpost.com
instal.com,2,corriere.it refinery29.com
insurads.com,2,corriere.it elpais.com
itn-digital.com,2,reuters.com thehill.com
jwplayer.com,2,bustle.com gamespot.com
league-m.de,2,corriere.it ign.com
limpid.tv,2,cnet.com zdnet.com
locality.com,2,bleacherreport.com cnn.com
lockerdome.com,2,huffpost.com rollingstone.com
luponmedia.com,2,espn.com huffpost.com
madhive.com,2,cbsnews.com cbssports.com
massarius.com,2,espn.com ign.com
mcanvas.com,2,elpais.com msn.com
mediabong.com,2,cbsnews.com cbssports.com
metaxsoft.com,2,cbsnews.com cbssports.com
microad.co.jp,2,buzzfeed.com huffpost.com
minute-ly.com,2,cbsnews.com cbssports.com
motionspots.com,2,elpais.com espn.com
nativeads.com,2,elpais.com huffpost.com
nend.net,2,buzzfeed.com huffpost.com
ombu.digital,2,cnn.com refinery29.com
omnicommedia.com,2,cbsnews.com cbssports.com
openglass.tv,2,cbsnews.com cbssports.com
optidigital.com,2,elpais.com ign.com
optoutadvertising.com,2,cosmopolitan.com goodhousekeeping.com
orangeclickmedia.com,2,corriere.it huffpost.com
orka.tv,2,cnn.com yahoo.com
overwolf.com,2,gamespot.com yahoo.com
panxo.ai,2,bustle.com independent.co.uk
paramount.com,2,cbsnews.com cbssports.com
passendo.com,2,corriere.it mirror.co.uk
pgamssp.com,2,corriere.it elpais.com
playground.xyz,2,ign.com pcmag.com
playstream.media,2,elpais.com espn.com
ppc.buzz,2,corriere.it refinery29.com
prismriotads.com,2,cbsnews.com cbssports.com
publiffy.com,2,corriere.it elpais.com
publishers.logicad.jp,2,buzzfeed.com huffpost.com
pubventuresmedia.com,2,techradar.com tomsguide.com
pubwise.io,2,cnet.com zdnet.com
pulsa.tv,2,cbsnews.com cbssports.com
quantcast.com,2,elpais.com huffpost.com
relaido.jp,2,buzzfeed.com huffpost.com
rtbdemand.com,2,elpais.com espn.com
sabio.us,2,corriere.it refinery29.com
sabioctv.com,2,cbsnews.com cbssports.com
saharmedia.net,2,corriere.it refinery29.com
se7en.es,2,corriere.it elpais.com
sevenonemedia.de,2,msn.com weather.com
siprocalads.com,2,cbsnews.com cbssports.com
softonic.com,2,cnet.com zdnet.com
solvemedia.com,2,allrecipes.com people.com
sparcmedia.com,2,cnet.com zdnet.com
ssp.e-volution.ai,2,corriere.it elpais.com
ssphwy.com,2,elpais.com huffpost.com
station-e.media,2,cbsnews.com cbssports.com
superawesome.tv,2,latimes.com metro.co.uk
switchconcepts.com,2,elpais.com huffpost.com
target-video.com,2,huffpost.com spiegel.de
theagency.com,2,elpais.com huffpost.com
thetradedesk.com,2,elpais.com huffpost.com
thirdpresence.com,2,elpais.com refinery29.com
thunder-monetize.com,2,corriere.it elpais.com
tidaltv.com,2,elpais.com huffpost.com
tribalfusion.com,2,elpais.com huffpost.com
truvid.com,2,elpais.com espn.com
tunein.com,2,cnn.com refinery29.com
tviq.io,2,corriere.it refinery29.com
uol.com.br,2,cbsnews.com cbssports.com
vdopia.com,2,elpais.com huffpost.com
viaplay.com,2,cbsnews.com cbssports.com
videoffy.com,2,corriere.it elpais.com
viously.com,2,elpais.com espn.com
vistarsagency.com,2,elpais.com yahoo.com
vitor.media,2,cnn.com refinery29.com
voicemediagroup.com,2,cnn.com espn.com
wbd.com,2,bleacherreport.com cnn.com
welect.de,2,msn.com spiegel.de
widesound.io,2,cnn.com refinery29.com
wppmedia.com,2,cbsnews.com cbssports.com
x.adprime.com,2,corriere.it newsweek.com
zetaglobal.com,2,elpais.com thehill.com
1rx.io,1,refinery29.com
360playvid.com,1,elpais.com
4strokemedia.com,1,metro.co.uk
9dots.com,1,espn.com
9dotsmedia.com,1,corriere.it
9mediaonline.com,1,msn.com
accuweather.com,1,accuweather.com
acd.op.hicloud.com,1,elpais.com
acerubiconproject.com,1,bild.de
acexchange.co.kr,1,corriere.it
ad.plus,1,huffpost.com
adbite.com,1,elpais.com
adbro.me,1,yahoo.com
addefend.com,1,spiegel.de
adgage.es,1,elpais.com
adiiix.com,1,corriere.it
adm.shinobi.jp,1,huffpost.com
admixer.co.kr,1,huffpost.com
adsinteractive.com,1,ign.com
adsmovil.com,1,elpais.com
adsocy.com,1,elpais.com
adsolut.in,1,elpais.com
adtech-digital.com,1,huffpost.com
adx-dra.op.hicloud.com,1,elpais.com
adx-dre.op.hicloud.com,1,elpais.com
adx-drru.op.dbankcloud.ru,1,elpais.com
adx-drru.op.hicloud.com,1,elpais.com
adxplorers.com,1,elpais.com
affinity.com,1,msn.com
airnowmedia.com,1,huffpost.com
alkimiexchange.com,1,refinery29.com
amazon-adsystem.com,1,nytimes.com
amoad.com,1,huffpost.com
amperwave.net,1,foxnews.com
andbeyond.media,1,espn.com
anyclip.com,1,elpais.com
apartmenttherapy.com,1,thekitchn.com
app.readpeak.com,1,spiegel.de
appnerve.com,1,cnn.com
appvador.com,1,huffpost.com
arabella.ag,1,huffpost.com
archonph.com,1,msn.com
as.amanad.adtdp.com,1,huffpost.com
atemda.com,1,huffpost.com
auth.inc,1,espn.com
avantisvideo.com,1,elpais.com
axis-marketplace.com,1,elpais.com
azeriondigital.com,1,huffpost.com
bcn.group,1,weather.com
bdg.com,1,bustle.com
benefit.media,1,refinery29.com
biddo.net,1,huffpost.com
bidinfluence.com,1,corriere.it
bidmachine.io,1,elpais.com
bidnex.com,1,lemonde.fr
brand-community-network.de,1,msn.com
brid.tv,1,huffpost.com
brightmountainmedia.com,1,cnn.com
cas.ai,1,corriere.it
castify.ai,1,corriere.it
catapultx.com,1,elpais.com
clickio.com,1,corriere.it
clydo.io,1,corriere.it
colombiaonline.com,1,msn.com
connekt.ai,1,reuters.com
contentignite.com,1,weather.com
coxmt.com,1,rollingstone.com
crads.in,1,elpais.com
crimtan.com,1,elpais.com
ctvbuyer.com,1,reuters.com
dable.io,1,yahoo.com
dappier.com,1,refinery29.com
data-fusion.io,1,refinery29.com
datacygnal.io,1,espn.com
datawrkz.com,1,huffpost.com
decide.co,1,cnn.com
distroscale.com,1,cnn.com
dmgmedia.co.uk,1,dailymail.co.uk
easybid.it,1,elpais.com
emense.nl,1,ign.com
empower.net,1,reuters.com
engageya.com,1,huffpost.com
ergadx.com,1,corriere.it
experian.com,1,elpais.com
fatchilli.media,1,huffpost.com
firstimpression.io,1,elpais.com
flux-g.com,1,huffpost.com
forbes.com,1,forbes.com
foxnews.com,1,foxnews.com
freeskreen.com,1,reuters.com
freewheel.com,1,corriere.it
fromthetop.io,1,corriere.it
gamaigroup.com,1,corriere.it
gammassp.com,1,huffpost.com
gamoshi.io,1,elpais.com
gb-next.ch,1,bild.de
glewed.tv,1,reuters.com
gliacloud.com,1,yahoo.com
glomex.com,1,msn.com
gmossp.jp,1,huffpost.com
greedygame.com,1,elpais.com
grouprvn.com,1,cnn.com
growintech.co,1,corriere.it
headerbiddr.com,1,elpais.com
hivestack.com,1,yahoo.com
hubvisor.io,1,elpais.com
i-mobile.co.jp,1,huffpost.com
innote.com,1,elpais.com
insider-inc.com,1,businessinsider.com
instreamatic.com,1,elpais.com
invamia.com,1,huffpost.com
invideolab.com,1,elpais.com
iqdigital.de,1,spiegel.de
jamx.ai,1,thehill.com
jeeng.com,1,thehill.com
jio.com,1,corriere.it
keenkale.com,1,corriere.it
kickads.mobi,1,elpais.com
kulture.media,1,thehill.com
latimes.com,1,latimes.com
leanback.digital,1,elpais.com
loudintelligence.com,1,elpais.com
magicbid.ai,1,elpais.com
mantisadnetwork.com,1,rollingstone.com
media16.tv,1,cnn.com
mediacorp.sg,1,espn.com
mediaimpact.de,1,bild.de
mediatradecraft.com,1,washingtonpost.com
mediaverse.ai,1,elpais.com
missena.com,1,corriere.it
mobupps.com,1,elpais.com
mpublicite.fr,1,lemonde.fr
multimericamedia.com,1,reuters.com
my-cast.tv,1,reuters.com
nascar.com,1,yahoo.com
nativendo.de,1,spiegel.de
nbc.com,1,cnbc.com
netlink.vn,1,elpais.com
netmarvel.com,1,refinery29.com
news.co.uk,1,thesun.co.uk
newsweek.com,1,newsweek.com
nexstar.tv,1,thehill.com
next14.com,1,corriere.it
nextovp.com,1,cnn.com
nexverse.ai,1,elpais.com
nypost.com,1,nypost.com
oko.uk,1,elpais.com
olaex.biz,1,yahoo.com
olyzon.tv,1,cnn.com
optima.tech,1,elpais.com
optimanetwork.com,1,elpais.com
pancast.com,1,espn.com
peak226.com,1,corriere.it
phaistosnetworks.gr,1,huffpost.com
pilotx.tv,1,refinery29.com
playoncenter.com,1,huffpost.com
playoncontent.com,1,huffpost.com
pmldigital.com,1,espn.com
podium-audio.com,1,thehill.com
popin.cc,1,huffpost.com
prequel.tv,1,corriere.it
prisa.com,1,elpais.com
prodooh.com,1,huffpost.com
projectagora.com,1,espn.com
proparm.jp,1,huffpost.com
pubgalaxy.com,1,cnn.com
pulsepoint.com,1,elpais.com
reachplc.com,1,mirror.co.uk
readwhere.digital,1,elpais.com
rebelmouse.com,1,rollingstone.com
refinery89.com,1,ign.com
reforge.in,1,huffpost.com
relappro.com,1,elpais.com
relict.media,1,elpais.com
remixd.com,1,theverge.com
rms.de,1,bild.de
russmedia.com,1,spiegel.de
rwadx.com,1,elpais.com
saambaa.com,1,cnn.com
safex.tv,1,reuters.com
samba.tv,1,reuters.com
semseoymas.com,1,elpais.com
smartclipspain.com,1,elpais.com
smoot.ai,1,corriere.it
sonictwist.media,1,espn.com
spotify.com,1,reuters.com
ssp.disqus.com,1,thehill.com
ssp.logan.ai,1,elpais.com
stoic-media.com,1,elpais.com
streamlyn.com,1,elpais.com
surfernetwork.com,1,thehill.com
tagoras.io,1,thehill.com
tapjoy.com,1,huffpost.com
targetbetter.com,1,yahoo.com
thebeglobal.com,1,espn.com
thegermanemedia.com,1,elpais.com
theguardian.com,1,theguardian.com
thisisglobal.com,1,refinery29.com
titanos.tv,1,cnn.com
tmhtechco.com,1,cnn.com
tredio.io,1,washingtonpost.com
triple13.io,1,mirror.co.uk
truvidplayer.com,1,elpais.com
tvisionary.co,1,thehill.com
uliza.jp,1,huffpost.com
unblockia.com,1,elpais.com
unibots.in,1,elpais.com
valuad.io,1,huffpost.com
vertamedia.com,1,elpais.com
vidcrunch.com,1,huffpost.com
videoheroes.tv,1,elpais.com
vidgyor.com,1,elpais.com
vindicosuite.com,1,huffpost.com
vizio.com,1,bleacherreport.com
vungle.com,1,msn.com
vuukle.com,1,reuters.com
washingtonpost.com,1,washingtonpost.com
weather.com,1,weather.com
webedia.com.br,1,ign.com
webeyemob.com,1,huffpost.com
webtvasia.com,1,elpais.com
wemass.com,1,elpais.com
wsc-sports.com,1,espn.com
xymatic.com,1,bild.de
yahooinc.com,1,yahoo.com
yandex.com,1,elpais.com
yieldmonk.com,1,elpais.com
yoc.com,1,spiegel.de
yourbow.com,1,cnn.com
yumenetworks.com,1,elpais.com
zippormedia.com,1,elpais.com
